﻿<parameters>
  <parameter name="IIS Web Application Name" defaultValue="Default Web Site/Musiq_deploy" tags="IisApp">
    <parameterEntry kind="ProviderPath" scope="IisApp" match="^C:\\Users\\Julio\ Garcia\\Desktop\\Github\\musiq\\Musiq\\obj\\Debug\\Package\\PackageTmp$" />
    <parameterEntry kind="ProviderPath" scope="setAcl" match="^C:\\Users\\Julio\ Garcia\\Desktop\\Github\\musiq\\Musiq\\obj\\Debug\\Package\\PackageTmp$" />
  </parameter>
  <parameter name="MusiqEntities-Web.config Connection String" description="MusiqEntities Connection String used in web.config by the application to access the database." defaultValue="metadata=res://*/Entities.Musiq.csdl|res://*/Entities.Musiq.ssdl|res://*/Entities.Musiq.msl;provider=System.Data.SqlClient;provider connection string=&quot;data source=184.168.47.21;initial catalog=jukebox;persist security info=True;user id=juliogarcia93;password=ElGrullo10;multipleactiveresultsets=True;application name=EntityFramework&quot;" tags="SqlConnectionString">
    <parameterEntry kind="XmlFile" scope="C:\\Users\\Julio\ Garcia\\Desktop\\Github\\musiq\\Musiq\\obj\\Debug\\Package\\PackageTmp\\Web\.config$" match="/configuration/connectionStrings/add[@name='MusiqEntities']/@connectionString" />
  </parameter>
  <parameter name="DefaultConnection-Web.config Connection String" description="DefaultConnection Connection String used in web.config by the application to access the database." defaultValue="Data Source=184.168.47.21;Initial Catalog=jukebox_accounts;User ID=juliogarcia93;Password=ElGrullo10; Integrated Security=False" tags="SqlConnectionString">
    <parameterEntry kind="XmlFile" scope="C:\\Users\\Julio\ Garcia\\Desktop\\Github\\musiq\\Musiq\\obj\\Debug\\Package\\PackageTmp\\Web\.config$" match="/configuration/connectionStrings/add[@name='DefaultConnection']/@connectionString" />
  </parameter>
</parameters>